time,rel_time,aqua_stop,valve_hot,valve_cold_1,valve_cold_2,valve_ads_switch,air_pump,drain_pump,jet_circulation_pump,ads_piston_pump,heater,drum_light,door_closed,door_lock,relay_closed,airdry_fan,ionizer,nemo_present,aqua_stop_sen,autodose_read_switch1_sen,autodose_read_switch2_sen,ntc_raw_sen[mv],ntc_sen[cel],pressure_raw_sen[hz],pressure_water_level_sen[mm],motor_rotating_direction,motor_speed[rpm],motor_ramp[rpm/s],motor_current[ma],motor_voltage[v],motor_power[w],motor_frequency[hz],friction[nm],calculated_inertia,calculated_unbalance,calculated_au_ball[g],raw_inertia[nm],raw_unbalance[nm],overload[%],pu_state,mu_warning_code,mu_error_code,mu_state,nr._red,program_table_row,program_table,program_table_state,motor_temperature,washing_tte,washing_phase,washing_step,washing_function,washing_load,washing_program_id,pu_voltage,bridge_temperature,motor_target_speed,wash_function_elapsed_time[s],wash_function_limit_time[s],wash_function_agitation/spin_time,wash_function_water_level[mm],wash_function_target_temperature[cel],wash_function_agitation/spin_profile,appliance_state,error_manager_status,wash_program_repeat_number,wash_program_repeat_pause,ads_dosed_amount_lifetime,ads_dose_amount,ads_dosed_amount,ads_low_level_alarm_treshold,ads_dosed_low_level,ads_det_dosed_at_low_level,ads_sof_dosed_at_low_level,mwc_load
2023-11-22 13:25:08.938,00:00:00,0,0,0,0,0,0,0,0,0,0,1,1,0,0,0,0,0,1,1,1,2668,"19,95","624,97","-14,68",0,0,0,0,315,0,50,0,0,0,0,0,0,0,,0,0,2,,,,,0,,,,,,,2239,18,0,,,,,,,PROGRAM_SELECT_WAITING,,,,,,,,,True,True,
2023-11-22 13:25:09.955,00:00:01,0,0,0,0,0,0,0,0,0,0,1,1,0,0,0,0,0,1,1,1,2668,"19,95","625,00","-14,75",0,0,0,0,316,0,50,0,0,0,0,0,0,0,0.0,0,0,2,,,,,0,,,,,,,2243,18,0,,,,,,,PROGRAM_SELECT_WAITING,,,,,,,,,True,True,
2023-11-22 13:25:10.951,00:00:02,0,0,0,0,0,0,0,0,0,0,1,1,0,0,0,0,0,1,1,1,2668,"19,95","625,00","-14,75",0,0,0,0,316,0,50,0,0,0,0,0,0,0,0.0,0,0,2,,,,,0,,,,,,,2248,18,0,,,,,,,PROGRAM_SELECT_WAITING,,,,,,,,,True,True,
2023-11-22 13:25:11.957,00:00:03,0,0,0,0,0,0,0,0,0,0,1,1,0,0,0,0,0,1,1,1,2668,"19,95","625,04","-14,85",0,0,0,0,315,0,50,0,0,0,0,0,0,0,0.0,0,0,2,,,,,0,,,,,,,2247,18,0,,,,,,,PROGRAM_SELECT_WAITING,,,,,,,,,True,True,
2023-11-22 13:25:12.938,00:00:04,0,0,0,0,0,0,0,0,0,0,1,1,0,0,0,0,0,1,1,1,2668,"19,95","624,95","-14,63",0,0,0,0,315,0,50,0,0,0,0,0,0,0,0.0,0,0,2,,,,,0,,,,,,,2247,18,0,,,,,,,PROGRAM_SELECT_WAITING,,,,,,,,,True,True,
2023-11-22 13:25:13.955,00:00:05,0,0,0,0,0,0,0,0,0,0,1,1,0,0,0,0,0,1,1,1,2668,"19,95","624,97","-14,68",0,0,0,0,315,0,50,0,0,0,0,0,0,0,0.0,0,0,2,,,,,0,,,,,,,2249,18,0,,,,,,,PROGRAM_SELECT_WAITING,,,,,,,,,True,True,
2023-11-22 13:25:14.935,00:00:05,0,0,0,0,0,0,0,0,0,0,1,1,0,0,0,0,0,1,1,1,2668,"19,95","625,04","-14,85",0,0,0,0,315,0,50,0,0,0,0,0,0,0,0.0,0,0,2,,,,,0,,,,,,,2247,18,0,,,,,,,PROGRAM_SELECT_WAITING,,,,,,,,,True,True,
2023-11-22 13:25:15.935,00:00:06,0,0,0,0,0,0,0,0,0,0,1,1,0,0,0,0,0,1,1,1,2668,"19,95","624,97","-14,68",0,0,0,0,315,0,50,0,0,0,0,0,0,0,0.0,0,0,2,,,,,0,,,,,,,2251,18,0,,,,,,,PROGRAM_SELECT_WAITING,,,,,,,,,True,True,
2023-11-22 13:25:16.936,00:00:07,0,0,0,0,0,0,0,0,0,0,1,1,0,0,0,0,0,1,1,1,2668,"19,95","624,95","-14,63",0,0,0,0,315,0,50,0,0,0,0,0,0,0,0.0,0,0,2,,,,,0,,,,,,,2241,18,0,,,,,,,PROGRAM_SELECT_WAITING,,,,,,,,,True,True,
2023-11-22 13:25:17.958,00:00:09,0,0,0,0,0,0,0,0,0,0,1,1,0,0,0,0,0,1,1,1,2668,"19,95","625,02","-14,80",0,0,0,0,314,0,50,0,0,0,0,0,0,0,0.0,0,0,2,,,,,0,,,,,,,2245,18,0,,,,,,,PROGRAM_SELECT_WAITING,,,,,,,,,True,True,
2023-11-22 13:25:18.942,00:00:10,0,0,0,0,0,0,0,0,0,0,1,1,0,0,0,0,0,1,1,1,2668,"19,95","625,04","-14,85",0,0,0,0,315,0,50,0,0,0,0,0,0,0,0.0,0,0,2,,,,,0,,,,,,,2241,18,0,,,,,,,PROGRAM_SELECT_WAITING,,,,,,,,,True,True,
2023-11-22 13:25:19.939,00:00:11,0,0,0,0,0,0,0,0,0,0,1,1,0,0,0,0,0,1,1,1,2668,"19,95","625,04","-14,85",0,0,0,0,315,0,50,0,0,0,0,0,0,0,0.0,0,0,2,,,,,0,,,,,,,2250,18,0,,,,,,,PROGRAM_SELECT_WAITING,,,,,,,,,True,True,
2023-11-22 13:25:20.958,00:00:12,0,0,0,0,0,0,0,0,0,0,1,1,0,0,0,0,0,1,1,1,2668,"19,95","625,02","-14,80",0,0,0,0,315,0,50,0,0,0,0,0,0,0,0.0,0,0,2,,,,,0,,,,,,,2246,18,0,,,,,,,PROGRAM_SELECT_WAITING,,,,,,,,,True,True,
2023-11-22 13:25:21.970,00:00:13,0,0,0,0,0,0,0,0,0,0,1,1,0,0,0,0,0,1,1,1,2668,"19,95","625,04","-14,85",0,0,0,0,314,0,50,0,0,0,0,0,0,0,0.0,0,0,2,,,,,0,,,,,,,2248,18,0,,,,,,,PROGRAM_SELECT_WAITING,,,,,,,,,True,True,
2023-11-22 13:25:22.961,00:00:14,0,0,0,0,0,0,0,0,0,0,1,1,0,0,0,0,0,1,1,1,2668,"19,95","625,00","-14,75",0,0,0,0,315,0,50,0,0,0,0,0,0,0,0.0,0,0,2,,,,,0,,,,,,,2247,18,0,,,,,,,PROGRAM_SELECT_WAITING,,,,,,,,,True,True,
2023-11-22 13:25:23.947,00:00:15,0,0,0,0,0,0,0,0,0,0,1,1,0,0,0,0,0,1,1,1,2668,"19,95","624,95","-14,63",0,0,0,0,315,0,50,0,0,0,0,0,0,0,0.0,0,0,2,,,,,0,,,,,,,2250,18,0,,,,,,,PROGRAM_SELECT_WAITING,,,,,,,,,True,True,
2023-11-22 13:25:24.959,00:00:16,0,0,0,0,0,0,0,0,0,0,1,1,0,0,0,0,0,1,1,1,2668,"19,95","625,04","-14,85",0,0,0,0,314,0,50,0,0,0,0,0,0,0,0.0,0,0,2,,,,,0,,,,,,,2249,18,0,,,,,,,PROGRAM_SELECT_WAITING,,,,,,,,,True,True,
2023-11-22 13:25:25.969,00:00:17,0,0,0,0,0,0,0,0,0,0,1,1,0,0,0,0,0,1,1,1,2668,"19,95","625,14","-15,10",0,0,0,0,314,0,50,0,0,0,0,0,0,0,0.0,0,0,2,,,,,0,,,,,,,2245,18,0,,,,,,,PROGRAM_SELECT_WAITING,,,,,,,,,True,True,
2023-11-22 13:25:26.980,00:00:18,0,0,0,0,0,0,0,0,0,0,1,1,0,0,0,0,0,1,1,1,2668,"19,95","625,09","-14,98",0,0,0,0,314,0,50,0,0,0,0,0,0,0,0.0,0,0,2,,,,,0,,,,,,,2245,18,0,,,,,,,PROGRAM_SELECT_WAITING,,,,,,,,,True,True,
2023-11-22 13:25:27.927,00:00:18,0,0,0,0,0,0,0,0,0,0,1,1,0,0,0,0,0,1,1,1,2668,"19,95","625,12","-15,05",0,0,0,0,314,0,50,0,0,0,0,0,0,0,0.0,0,0,2,,,,,0,,,,,,,2241,18,0,,,,,,,PROGRAM_SELECT_WAITING,,,,,,,,,True,True,
2023-11-22 13:25:28.920,00:00:19,0,0,0,0,0,0,0,0,0,0,1,1,0,0,0,0,0,1,1,1,2668,"19,95","625,04","-14,85",0,0,0,0,315,0,50,0,0,0,0,0,0,0,0.0,0,0,2,,,,,0,,,,,,,2248,18,0,,,,,,,PROGRAM_SELECT_WAITING,,,,,,,,,True,True,
2023-11-22 13:25:29.917,00:00:20,0,0,0,0,0,0,0,0,0,0,1,1,0,0,0,0,0,1,1,1,2668,"19,95","625,14","-15,10",0,0,0,0,315,0,50,0,0,0,0,0,0,0,0.0,0,0,2,,,,,0,,,,,,,2246,18,0,,,,,,,PROGRAM_SELECT_WAITING,,,,,,,,,True,True,
2023-11-22 13:25:30.928,00:00:21,0,0,0,0,0,0,0,0,0,0,1,1,0,0,0,0,0,1,1,1,2668,"19,95","625,21","-15,28",0,0,0,0,314,0,50,0,0,0,0,0,0,0,0.0,0,0,2,,,,,0,,,,,,,2252,18,0,,,,,,,PROGRAM_SELECT_WAITING,,,,,,,,,True,True,
2023-11-22 13:25:31.946,00:00:23,0,0,0,0,0,0,0,0,0,0,1,1,0,0,0,0,0,1,1,1,2668,"19,95","625,17","-15,18",0,0,0,0,315,0,50,0,0,0,0,0,0,0,0.0,0,0,2,,,,,0,,,,,,,2248,18,0,,,,,,,PROGRAM_SELECT_WAITING,,,,,,,,,True,True,
2023-11-22 13:25:32.921,00:00:23,0,0,0,0,0,0,0,0,0,0,1,1,0,0,0,0,0,1,1,1,2668,"19,95","625,14","-15,10",0,0,0,0,315,0,50,0,0,0,0,0,0,0,0.0,0,0,2,,,,,0,,,,,,,2251,18,0,,,,,,,PROGRAM_SELECT_WAITING,,,,,,,,,True,True,
2023-11-22 13:25:33.920,00:00:24,0,0,0,0,0,0,0,0,0,0,1,1,0,0,0,0,0,1,1,1,2668,"19,95","625,12","-15,05",0,0,0,0,314,0,50,0,0,0,0,0,0,0,0.0,0,0,2,,,,,0,,,,,,,2244,18,0,,,,,,,PROGRAM_SELECT_WAITING,,,,,,,,,True,True,
2023-11-22 13:25:34.906,00:00:25,0,0,0,0,0,0,0,0,0,0,1,1,0,0,0,0,0,1,1,1,2668,"19,95","625,09","-14,98",0,0,0,0,314,0,50,0,0,0,0,0,0,0,0.0,0,0,2,,,,,0,,,,,,,2246,18,0,,,,,,,PROGRAM_SELECT_WAITING,,,,,,,,,True,True,
2023-11-22 13:25:35.929,00:00:26,0,0,0,0,0,0,0,0,0,0,1,1,0,0,0,0,0,1,1,1,2668,"19,95","625,17","-15,18",0,0,0,0,313,0,50,0,0,0,0,0,0,0,0.0,0,0,2,,,,,0,,,,,,,2243,18,0,,,,,,,PROGRAM_SELECT_WAITING,,,,,,,,,True,True,
2023-11-22 13:25:36.932,00:00:27,0,0,0,0,0,0,0,0,0,0,1,1,0,0,0,0,0,1,1,1,2668,"19,95","625,12","-15,05",0,0,0,0,313,0,50,0,0,0,0,0,0,0,0.0,0,0,2,,,,,0,,,,,,,2239,18,0,,,,,,,PROGRAM_SELECT_WAITING,,,,,,,,,True,True,
2023-11-22 13:25:37.924,00:00:28,0,0,0,0,0,0,0,0,0,0,1,1,0,0,0,0,0,1,1,1,2668,"19,95","625,07","-14,93",0,0,0,0,314,0,50,0,0,0,0,0,0,0,0.0,0,0,2,,,,,0,,,,,,,2242,18,0,,,,,,,PROGRAM_SELECT_WAITING,,,,,,,,,True,True,
2023-11-22 13:25:38.928,00:00:29,0,0,0,0,0,0,0,0,0,0,1,1,0,0,0,0,0,1,1,1,2668,"19,95","625,14","-15,10",0,0,0,0,315,0,50,0,0,0,0,0,0,0,0.0,0,0,2,,,,,0,,,,,,,2244,18,0,,,,,,,PROGRAM_SELECT_WAITING,,,,,,,,,True,True,
2023-11-22 13:25:39.907,00:00:30,0,0,0,0,0,0,0,0,0,0,1,1,0,0,0,0,0,1,1,1,2668,"19,95","625,12","-15,05",0,0,0,0,315,0,50,0,0,0,0,0,0,0,0.0,0,0,2,,,,,0,,,,,,,2251,18,0,,,,,,,PROGRAM_SELECT_WAITING,,,,,,,,,True,True,
2023-11-22 13:25:40.911,00:00:31,0,0,0,0,0,0,0,0,0,0,1,1,0,0,0,0,0,1,1,1,2668,"19,95","625,14","-15,10",0,0,0,0,315,0,50,0,0,0,0,0,0,0,0.0,0,0,2,,,,,0,,,,,,,2247,18,0,,,,,,,PROGRAM_SELECT_WAITING,,,,,,,,,True,True,
2023-11-22 13:25:41.926,00:00:32,0,0,0,0,0,0,0,0,0,0,1,1,0,0,0,0,0,1,1,1,2668,"19,95","625,09","-14,98",0,0,0,0,315,0,50,0,0,0,0,0,0,0,0.0,0,0,2,,,,,0,,,,,,,2252,18,0,,,,,,,PROGRAM_SELECT_WAITING,,,,,,,,,True,True,
2023-11-22 13:25:42.930,00:00:33,0,0,0,0,0,0,0,0,0,0,1,1,0,0,0,0,0,1,1,1,2668,"19,95","625,17","-15,18",0,0,0,0,315,0,50,0,0,0,0,0,0,0,0.0,0,0,2,,,,,0,,,,,,,2247,18,0,,,,,,,PROGRAM_SELECT_WAITING,,,,,,,,,True,True,
2023-11-22 13:25:43.926,00:00:34,0,0,0,0,0,0,0,0,0,0,1,1,0,0,0,0,0,1,1,1,2668,"19,95","625,17","-15,18",0,0,0,0,315,0,50,0,0,0,0,0,0,0,0.0,0,0,2,,,,,0,,,,,,,2249,18,0,,,,,,,PROGRAM_SELECT_WAITING,,,,,,,,,True,True,
2023-11-22 13:25:44.907,00:00:35,0,0,0,0,0,0,0,0,0,0,1,1,0,0,0,0,0,1,1,1,2668,"19,95","625,17","-15,18",0,0,0,0,315,0,50,0,0,0,0,0,0,0,0.0,0,0,2,,,,,0,,,,,,,2244,18,0,,,,,,,PROGRAM_SELECT_WAITING,,,,,,,,,True,True,
2023-11-22 13:25:45.912,00:00:36,0,0,0,0,0,0,0,0,0,0,1,1,0,0,0,0,0,1,1,1,2668,"19,95","625,12","-15,05",0,0,0,0,314,0,50,0,0,0,0,0,0,0,0.0,0,0,2,,,,,0,,,,,,,2246,18,0,,,,,,,PROGRAM_SELECT_WAITING,,,,,,,,,True,True,
2023-11-22 13:25:46.918,00:00:37,0,0,0,0,0,0,0,0,0,0,1,1,0,0,0,0,0,1,1,1,2668,"19,95","625,17","-15,18",0,0,0,0,314,0,50,0,0,0,0,0,0,0,0.0,0,0,2,,,,,0,,,,,,,2241,18,0,,,,,,,PROGRAM_SELECT_WAITING,,,,,,,,,True,True,
2023-11-22 13:25:47.900,00:00:38,0,0,0,0,0,0,0,0,0,0,1,1,0,0,0,0,0,1,1,1,2668,"19,95","625,09","-14,98",0,0,0,0,314,0,50,0,0,0,0,0,0,0,0.0,0,0,2,,,,,0,,,,,,,2242,18,0,,,,,,,PROGRAM_SELECT_WAITING,,,,,,,,,True,True,
2023-11-22 13:25:48.920,00:00:39,0,0,0,0,0,0,0,0,0,0,1,1,0,0,0,0,0,1,1,1,2668,"19,95","625,21","-15,28",0,0,0,0,315,0,50,0,0,0,0,0,0,0,0.0,0,0,2,,,,,0,,,,,,,2245,18,0,,,,,,,PROGRAM_SELECT_WAITING,,,,,,,,,True,True,
2023-11-22 13:25:49.916,00:00:40,0,0,0,0,0,0,0,0,0,0,1,1,0,0,0,0,0,1,1,1,2668,"19,95","625,12","-15,05",0,0,0,0,315,0,50,0,0,0,0,0,0,0,0.0,0,0,2,,,,,0,,,,,,,2244,18,0,,,,,,,PROGRAM_SELECT_WAITING,,,,,,,,,True,True,
2023-11-22 13:25:50.915,00:00:41,0,0,0,0,0,0,0,0,0,0,1,1,0,0,0,0,0,1,1,1,2668,"19,95","625,09","-14,98",0,0,0,0,314,0,50,0,0,0,0,0,0,0,0.0,0,0,2,,,,,0,,,,,,,2247,18,0,,,,,,,PROGRAM_SELECT_WAITING,,,,,,,,,True,True,
2023-11-22 13:25:51.908,00:00:42,0,0,0,0,0,0,0,0,0,0,1,1,0,0,0,0,0,1,1,1,2668,"19,95","625,04","-14,85",0,0,0,0,315,0,50,0,0,0,0,0,0,0,0.0,0,0,2,,,,,0,,,,,,,2243,18,0,,,,,,,PROGRAM_SELECT_WAITING,,,,,,,,,True,True,
2023-11-22 13:25:52.910,00:00:43,0,0,0,0,0,0,0,0,0,0,1,1,0,0,0,0,0,1,1,1,2668,"19,95","625,07","-14,93",0,0,0,0,315,0,50,0,0,0,0,0,0,0,0.0,0,0,2,,,,,0,,,,,,,2249,18,0,,,,,,,PROGRAM_SELECT_WAITING,,,,,,,,,True,True,
2023-11-22 13:25:53.911,00:00:44,0,0,0,0,0,0,0,0,0,0,1,1,0,0,0,0,0,1,1,1,2668,"19,95","625,09","-14,98",0,0,0,0,314,0,50,0,0,0,0,0,0,0,0.0,0,0,2,,,,,0,,,,,,,2244,18,0,,,,,,,PROGRAM_SELECT_WAITING,,,,,,,,,True,True,
2023-11-22 13:25:54.908,00:00:45,0,0,0,0,0,0,0,0,0,0,1,1,0,0,0,0,0,1,1,1,2668,"19,95","625,14","-15,10",0,0,0,0,315,0,50,0,0,0,0,0,0,0,0.0,0,0,2,,,,,0,,,,,,,2250,18,0,,,,,,,PROGRAM_SELECT_WAITING,,,,,,,,,True,True,
2023-11-22 13:25:55.905,00:00:46,0,0,0,0,0,0,0,0,0,0,1,1,0,0,0,0,0,1,1,1,2668,"19,95","625,14","-15,10",0,0,0,0,315,0,50,0,0,0,0,0,0,0,0.0,0,0,2,,,,,0,,,,,,,2247,18,0,,,,,,,PROGRAM_SELECT_WAITING,,,,,,,,,True,True,
2023-11-22 13:25:56.923,00:00:47,0,0,0,0,0,0,0,0,0,0,1,1,0,0,0,0,0,1,1,1,2668,"19,95","625,12","-15,05",0,0,0,0,314,0,50,0,0,0,0,0,0,0,0.0,0,0,2,,,,,0,,,,,,,2245,18,0,,,,,,,PROGRAM_SELECT_WAITING,,,,,,,,,True,True,
2023-11-22 13:25:57.905,00:00:48,0,0,0,0,0,0,0,0,0,0,1,1,0,0,0,0,0,1,1,1,2668,"19,95","625,12","-15,05",0,0,0,0,314,0,50,0,0,0,0,0,0,0,0.0,0,0,2,,,,,0,,,,,,,2241,18,0,,,,,,,PROGRAM_SELECT_WAITING,,,,,,,,,True,True,
2023-11-22 13:25:58.910,00:00:49,0,0,0,0,0,0,0,0,0,0,1,1,0,0,0,0,0,1,1,1,2668,"19,95","625,02","-14,80",0,0,0,0,315,0,50,0,0,0,0,0,0,0,0.0,0,0,2,,,,,0,,,,,,,2244,18,0,,,,,,,PROGRAM_SELECT_WAITING,,,,,,,,,True,True,
2023-11-22 13:25:59.911,00:00:50,0,0,0,0,0,0,0,0,0,0,1,1,0,0,0,0,0,1,1,1,2668,"19,95","625,09","-14,98",0,0,0,0,315,0,50,0,0,0,0,0,0,0,0.0,0,0,2,,,,,0,,,,,,,2246,18,0,,,,,,,PROGRAM_SELECT_WAITING,,,,,,,,,True,True,
2023-11-22 13:26:00.913,00:00:51,0,0,0,0,0,0,0,0,0,0,1,1,0,0,0,0,0,1,1,1,2668,"19,95","625,14","-15,10",0,0,0,0,315,0,50,0,0,0,0,0,0,0,0.0,0,0,2,,,,,0,,,,,,,2247,18,0,,,,,,,PROGRAM_SELECT_WAITING,,,,,,,,,True,True,
2023-11-22 13:26:01.917,00:00:52,0,0,0,0,0,0,0,0,0,0,1,1,0,0,0,0,0,1,1,1,2668,"19,95","625,19","-15,23",0,0,0,0,314,0,50,0,0,0,0,0,0,0,0.0,0,0,2,,,,,0,,,,,,,2246,18,0,,,,,,,PROGRAM_SELECT_WAITING,,,,,,,,,True,True,
2023-11-22 13:26:02.915,00:00:53,0,0,0,0,0,0,0,0,0,0,1,1,0,0,0,0,0,1,1,1,2668,"19,95","625,17","-15,18",0,0,0,0,315,0,50,0,0,0,0,0,0,0,0.0,0,0,2,,,,,0,,,,,,,2241,18,0,,,,,,,PROGRAM_SELECT_WAITING,,,,,,,,,True,True,
2023-11-22 13:26:03.895,00:00:54,0,0,0,0,0,0,0,0,0,0,1,1,0,0,0,0,0,1,1,1,2668,"19,95","625,14","-15,10",0,0,0,0,314,0,50,0,0,0,0,0,0,0,0.0,0,0,2,,,,,0,,,,,,,2245,18,0,,,,,,,PROGRAM_SELECT_WAITING,,,,,,,,,True,True,
2023-11-22 13:26:04.925,00:00:55,0,0,0,0,0,0,0,0,0,0,1,1,0,0,0,0,0,1,1,1,2668,"19,95","625,17","-15,18",0,0,0,0,314,0,50,0,0,0,0,0,0,0,0.0,0,0,2,,,,,0,,,,,,,2240,18,0,,,,,,,PROGRAM_SELECT_WAITING,,,,,,,,,True,True,
2023-11-22 13:26:05.920,00:00:56,0,0,0,0,0,0,0,0,0,0,1,1,0,0,0,0,0,1,1,1,2668,"19,95","625,17","-15,18",0,0,0,0,315,0,50,0,0,0,0,0,0,0,0.0,0,0,2,,,,,0,,,,,,,2248,18,0,,,,,,,PROGRAM_SELECT_WAITING,,,,,,,,,True,True,
2023-11-22 13:26:06.920,00:00:57,0,0,0,0,0,0,0,0,0,0,1,1,0,0,0,0,0,1,1,1,2668,"19,95","625,12","-15,05",0,0,0,0,313,0,50,0,0,0,0,0,0,0,0.0,0,0,2,,,,,0,,,,,,,2238,18,0,,,,,,,PROGRAM_SELECT_WAITING,,,,,,,,,True,True,
2023-11-22 13:26:07.915,00:00:58,0,0,0,0,0,0,0,0,0,0,1,1,0,0,0,0,0,1,1,1,2668,"19,95","625,09","-14,98",0,0,0,0,315,0,50,0,0,0,0,0,0,0,0.0,0,0,2,,,,,0,,,,,,,2245,18,0,,,,,,,PROGRAM_SELECT_WAITING,,,,,,,,,True,True,
2023-11-22 13:26:08.914,00:00:59,0,0,0,0,0,0,0,0,0,0,1,1,0,0,0,0,0,1,1,1,2668,"19,95","625,09","-14,98",0,0,0,0,315,0,50,0,0,0,0,0,0,0,0.0,0,0,2,,,,,0,,,,,,,2244,18,0,,,,,,,PROGRAM_SELECT_WAITING,,,,,,,,,True,True,
2023-11-22 13:26:09.896,00:01:00,0,0,0,0,0,0,0,0,0,0,1,1,0,0,0,0,0,1,1,1,2668,"19,95","625,14","-15,10",0,0,0,0,315,0,50,0,0,0,0,0,0,0,0.0,0,0,2,,,,,0,,,,,,,2250,18,0,,,,,,,PROGRAM_SELECT_WAITING,,,,,,,,,True,True,
2023-11-22 13:26:10.896,00:01:01,0,0,0,0,0,0,0,0,0,0,1,1,0,0,0,0,0,1,1,1,2668,"19,95","625,07","-14,93",0,0,0,0,315,0,50,0,0,0,0,0,0,0,0.0,0,0,2,,,,,0,,,,,,,2249,18,0,,,,,,,PROGRAM_SELECT_WAITING,,,,,,,,,True,True,
2023-11-22 13:26:11.898,00:01:02,0,0,0,0,0,0,0,0,0,0,1,1,0,0,0,0,0,1,1,1,2668,"19,95","625,07","-14,93",0,0,0,0,315,0,50,0,0,0,0,0,0,0,0.0,0,0,2,,,,,0,,,,,,,2247,18,0,,,,,,,PROGRAM_SELECT_WAITING,,,,,,,,,True,True,
2023-11-22 13:26:12.902,00:01:03,0,0,0,0,0,0,0,0,0,0,1,1,0,0,0,0,0,1,1,1,2668,"19,95","625,02","-14,80",0,0,0,0,315,0,50,0,0,0,0,0,0,0,0.0,0,0,2,,,,,0,,,,,,,2248,18,0,,,,,,,PROGRAM_SELECT_WAITING,,,,,,,,,True,True,
2023-11-22 13:26:13.899,00:01:04,0,0,0,0,0,0,0,0,0,0,1,1,0,0,0,0,0,1,1,1,2668,"19,95","625,02","-14,80",0,0,0,0,315,0,50,0,0,0,0,0,0,0,0.0,0,0,2,,,,,0,,,,,,,2246,18,0,,,,,,,PROGRAM_SELECT_WAITING,,,,,,,,,True,True,
2023-11-22 13:26:14.898,00:01:05,0,0,0,0,0,0,0,0,0,0,1,1,0,0,0,0,0,1,1,1,2668,"19,95","625,02","-14,80",0,0,0,0,315,0,50,0,0,0,0,0,0,0,0.0,0,0,2,,,,,0,,,,,,,2251,18,0,,,,,,,PROGRAM_SELECT_WAITING,,,,,,,,,True,True,
2023-11-22 13:26:15.896,00:01:06,0,0,0,0,0,0,0,0,0,0,1,1,0,0,0,0,0,1,1,1,2668,"19,95","625,09","-14,98",0,0,0,0,313,0,50,0,0,0,0,0,0,0,0.0,0,0,2,,,,,0,,,,,,,2243,18,0,,,,,,,PROGRAM_SELECT_WAITING,,,,,,,,,True,True,
2023-11-22 13:26:16.893,00:01:07,0,0,0,0,0,0,0,0,0,0,1,1,0,0,0,0,0,1,1,1,2668,"19,95","625,09","-14,98",0,0,0,0,313,0,50,0,0,0,0,0,0,0,0.0,0,0,2,,,,,0,,,,,,,2241,18,0,,,,,,,PROGRAM_SELECT_WAITING,,,,,,,,,True,True,
2023-11-22 13:26:17.898,00:01:08,0,0,0,0,0,0,0,0,0,0,1,1,0,0,0,0,0,1,1,1,2668,"19,95","625,04","-14,85",0,0,0,0,313,0,50,0,0,0,0,0,0,0,0.0,0,0,2,,,,,0,,,,,,,2237,18,0,,,,,,,PROGRAM_SELECT_WAITING,,,,,,,,,True,True,
2023-11-22 13:26:18.906,00:01:09,0,0,0,0,0,0,0,0,0,0,1,1,0,0,0,0,0,1,1,1,2668,"19,95","625,09","-14,98",0,0,0,0,314,0,50,0,0,0,0,0,0,0,0.0,0,0,2,,,,,0,,,,,,,2241,18,0,,,,,,,PROGRAM_SELECT_WAITING,,,,,,,,,True,True,
2023-11-22 13:26:19.903,00:01:10,0,0,0,0,0,0,0,0,0,0,1,1,0,0,0,0,0,1,1,1,2668,"19,95","625,12","-15,05",0,0,0,0,315,0,50,0,0,0,0,0,0,0,0.0,0,0,2,,,,,0,,,,,,,2242,18,0,,,,,,,PROGRAM_SELECT_WAITING,,,,,,,,,True,True,
2023-11-22 13:26:20.900,00:01:11,0,0,0,0,0,0,0,0,0,0,1,1,0,0,0,0,0,1,1,1,2668,"19,95","625,09","-14,98",0,0,0,0,314,0,50,0,0,0,0,0,0,0,0.0,0,0,2,,,,,0,,,,,,,2246,18,0,,,,,,,PROGRAM_SELECT_WAITING,,,,,,,,,True,True,
2023-11-22 13:26:21.912,00:01:12,0,0,0,0,0,0,0,0,0,0,1,1,0,0,0,0,0,1,1,1,2668,"19,95","625,12","-15,05",0,0,0,0,315,0,50,0,0,0,0,0,0,0,0.0,0,0,2,,,,,0,,,,,,,2246,18,0,,,,,,,PROGRAM_SELECT_WAITING,,,,,,,,,True,True,
2023-11-22 13:26:22.900,00:01:13,0,0,0,0,0,0,0,0,0,0,1,1,0,0,0,0,0,1,1,1,2669,"19,90","625,12","-15,05",0,0,0,0,315,0,50,0,0,0,0,0,0,0,0.0,0,0,2,,,,,0,,,,,,,2245,18,0,,,,,,,PROGRAM_SELECT_WAITING,,,,,,,,,True,True,
2023-11-22 13:26:23.896,00:01:14,0,0,0,0,0,0,0,0,0,0,1,1,0,0,0,0,0,1,1,1,2668,"19,95","625,04","-14,85",0,0,0,0,315,0,50,0,0,0,0,0,0,0,0.0,0,0,2,,,,,0,,,,,,,2251,18,0,,,,,,,PROGRAM_SELECT_WAITING,,,,,,,,,True,True,
2023-11-22 13:26:24.901,00:01:15,0,0,0,0,0,0,0,0,0,0,1,1,0,0,0,0,0,1,1,1,2669,"19,90","625,02","-14,80",0,0,0,0,315,0,50,0,0,0,0,0,0,0,0.0,0,0,2,,,,,0,,,,,,,2247,18,0,,,,,,,PROGRAM_SELECT_WAITING,,,,,,,,,True,True,
2023-11-22 13:26:25.903,00:01:16,0,0,0,0,0,0,0,0,0,0,1,1,0,0,0,0,0,1,1,1,2668,"19,95","625,04","-14,85",0,0,0,0,315,0,50,0,0,0,0,0,0,0,0.0,0,0,2,,,,,0,,,,,,,2251,18,0,,,,,,,PROGRAM_SELECT_WAITING,,,,,,,,,True,True,
2023-11-22 13:26:26.903,00:01:17,0,0,0,0,0,0,0,0,0,0,1,1,0,0,0,0,0,1,1,1,2668,"19,95","625,02","-14,80",0,0,0,0,314,0,50,0,0,0,0,0,0,0,0.0,0,0,2,,,,,0,,,,,,,2241,18,0,,,,,,,PROGRAM_SELECT_WAITING,,,,,,,,,True,True,
2023-11-22 13:26:27.903,00:01:18,0,0,0,0,0,0,0,0,0,0,1,1,0,0,0,0,0,1,1,1,2668,"19,95","624,97","-14,68",0,0,0,0,314,0,50,0,0,0,0,0,0,0,0.0,0,0,2,,,,,0,,,,,,,2242,18,0,,,,,,,PROGRAM_SELECT_WAITING,,,,,,,,,True,True,
2023-11-22 13:26:28.910,00:01:19,0,0,0,0,0,0,0,0,0,0,1,1,0,0,0,0,0,1,1,1,2668,"19,95","625,02","-14,80",0,0,0,0,315,0,50,0,0,0,0,0,0,0,0.0,0,0,2,,,,,0,,,,,,,2244,18,0,,,,,,,PROGRAM_SELECT_WAITING,,,,,,,,,True,True,
2023-11-22 13:26:29.899,00:01:20,0,0,0,0,0,0,0,0,0,0,1,1,0,0,0,0,0,1,1,1,2668,"19,95","625,00","-14,75",0,0,0,0,314,0,50,0,0,0,0,0,0,0,0.0,0,0,2,,,,,0,,,,,,,2246,18,0,,,,,,,PROGRAM_SELECT_WAITING,,,,,,,,,True,True,
2023-11-22 13:26:30.902,00:01:21,0,0,0,0,0,0,0,0,0,0,1,1,0,0,0,0,0,1,1,1,2668,"19,95","625,12","-15,05",0,0,0,0,314,0,50,0,0,0,0,0,0,0,0.0,0,0,2,,,,,0,,,,,,,2247,18,0,,,,,,,PROGRAM_SELECT_WAITING,,,,,,,,,True,True,
2023-11-22 13:26:31.913,00:01:22,0,0,0,0,0,0,0,0,0,0,1,1,0,0,0,0,0,1,1,1,2669,"19,90","625,12","-15,05",0,0,0,0,315,0,50,0,0,0,0,0,0,0,0.0,0,0,2,,,,,0,,,,,,,2246,18,0,,,,,,,PROGRAM_SELECT_WAITING,,,,,,,,,True,True,
2023-11-22 13:26:32.889,00:01:23,0,0,0,0,0,0,0,0,0,0,1,1,0,0,0,0,0,1,1,1,2668,"19,95","625,12","-15,05",0,0,0,0,315,0,50,0,0,0,0,0,0,0,0.0,0,0,2,,,,,0,,,,,,,2250,18,0,,,,,,,PROGRAM_SELECT_WAITING,,,,,,,,,True,True,
2023-11-22 13:26:33.891,00:01:24,0,0,0,0,0,0,0,0,0,0,1,1,0,0,0,0,0,1,1,1,2668,"19,95","625,14","-15,10",0,0,0,0,315,0,50,0,0,0,0,0,0,0,0.0,0,0,2,,,,,0,,,,,,,2245,18,0,,,,,,,PROGRAM_SELECT_WAITING,,,,,,,,,True,True,
2023-11-22 13:26:34.907,00:01:25,0,0,0,0,0,0,0,0,0,0,1,1,0,0,0,0,0,1,1,1,2668,"19,95","625,17","-15,18",0,0,0,0,315,0,50,0,0,0,0,0,0,0,0.0,0,0,2,,,,,0,,,,,,,2250,18,0,,,,,,,PROGRAM_SELECT_WAITING,,,,,,,,,True,True,
2023-11-22 13:26:35.906,00:01:26,0,0,0,0,0,0,0,0,0,0,1,1,0,0,0,0,0,1,1,1,2668,"19,95","625,14","-15,10",0,0,0,0,314,0,50,0,0,0,0,0,0,0,0.0,0,0,2,,,,,0,,,,,,,2244,18,0,,,,,,,PROGRAM_SELECT_WAITING,,,,,,,,,True,True,
2023-11-22 13:26:36.907,00:01:27,0,0,0,0,0,0,0,0,0,0,1,1,0,0,0,0,0,1,1,1,2668,"19,95","625,02","-14,80",0,0,0,0,314,0,50,0,0,0,0,0,0,0,0.0,0,0,2,,,,,0,,,,,,,2245,18,0,,,,,,,PROGRAM_SELECT_WAITING,,,,,,,,,True,True,
2023-11-22 13:26:37.908,00:01:28,0,0,0,0,0,0,0,0,0,0,1,1,0,0,0,0,0,1,1,1,2668,"19,95","625,12","-15,05",0,0,0,0,314,0,50,0,0,0,0,0,0,0,0.0,0,0,2,,,,,0,,,,,,,2239,18,0,,,,,,,PROGRAM_SELECT_WAITING,,,,,,,,,True,True,
2023-11-22 13:26:38.910,00:01:29,0,0,0,0,0,0,0,0,0,0,1,1,0,0,0,0,0,1,1,1,2668,"19,95","625,02","-14,80",0,0,0,0,315,0,50,0,0,0,0,0,0,0,0.0,0,0,2,,,,,0,,,,,,,2244,18,0,,,,,,,PROGRAM_SELECT_WAITING,,,,,,,,,True,True,
2023-11-22 13:26:39.908,00:01:30,0,0,0,0,0,0,0,0,0,0,1,1,0,0,0,0,0,1,1,1,2668,"19,95","625,04","-14,85",0,0,0,0,315,0,50,0,0,0,0,0,0,0,0.0,0,0,2,,,,,0,,,,,,,2245,18,0,,,,,,,PROGRAM_SELECT_WAITING,,,,,,,,,True,True,
2023-11-22 13:26:40.908,00:01:31,0,0,0,0,0,0,0,0,0,0,1,1,0,0,0,0,0,1,1,1,2668,"19,95","625,07","-14,93",0,0,0,0,315,0,50,0,0,0,0,0,0,0,0.0,0,0,2,,,,,0,,,,,,,2246,18,0,,,,,,,PROGRAM_SELECT_WAITING,,,,,,,,,True,True,
2023-11-22 13:26:41.884,00:01:32,0,0,0,0,0,0,0,0,0,0,1,1,0,0,0,0,0,1,1,1,2668,"19,95","625,07","-14,93",0,0,0,0,315,0,50,0,0,0,0,0,0,0,0.0,0,0,2,,,,,0,,,,,,,2247,18,0,,,,,,,PROGRAM_SELECT_WAITING,,,,,,,,,True,True,
2023-11-22 13:26:42.885,00:01:33,0,0,0,0,0,0,0,0,0,0,1,1,0,0,0,0,0,1,1,1,2668,"19,95","625,07","-14,93",0,0,0,0,315,0,50,0,0,0,0,0,0,0,0.0,0,0,2,,,,,0,,,,,,,2245,18,0,,,,,,,PROGRAM_SELECT_WAITING,,,,,,,,,True,True,
2023-11-22 13:26:43.900,00:01:34,0,0,0,0,0,0,0,0,0,0,1,1,0,0,0,0,0,1,1,1,2668,"19,95","625,07","-14,93",0,0,0,0,315,0,50,0,0,0,0,0,0,0,0.0,0,0,2,,,,,0,,,,,,,2249,18,0,,,,,,,PROGRAM_SELECT_WAITING,,,,,,,,,True,True,
2023-11-22 13:26:44.889,00:01:35,0,0,0,0,0,0,0,0,0,0,1,1,0,0,0,0,0,1,1,1,2669,"19,90","625,12","-15,05",0,0,0,0,315,0,50,0,0,0,0,0,0,0,0.0,0,0,2,,,,,0,,,,,,,2244,18,0,,,,,,,PROGRAM_SELECT_WAITING,,,,,,,,,True,True,
2023-11-22 13:26:45.887,00:01:36,0,0,0,0,0,0,0,0,0,0,1,1,0,0,0,0,0,1,1,1,2668,"19,95","625,07","-14,93",0,0,0,0,315,0,50,0,0,0,0,0,0,0,0.0,0,0,2,,,,,0,,,,,,,2246,18,0,,,,,,,PROGRAM_SELECT_WAITING,,,,,,,,,True,True,
2023-11-22 13:26:46.891,00:01:37,0,0,0,0,0,0,0,0,0,0,1,1,0,0,0,0,0,1,1,1,2669,"19,90","625,09","-14,98",0,0,0,0,314,0,50,0,0,0,0,0,0,0,0.0,0,0,2,,,,,0,,,,,,,2236,18,0,,,,,,,PROGRAM_SELECT_WAITING,,,,,,,,,True,True,
2023-11-22 13:26:47.893,00:01:38,0,0,0,0,0,0,0,0,0,0,1,1,0,0,0,0,0,1,1,1,2668,"19,95","625,04","-14,85",0,0,0,0,314,0,50,0,0,0,0,0,0,0,0.0,0,0,2,,,,,0,,,,,,,2241,18,0,,,,,,,PROGRAM_SELECT_WAITING,,,,,,,,,True,True,
2023-11-22 13:26:48.896,00:01:39,0,0,0,0,0,0,0,0,0,0,1,1,0,0,0,0,0,1,1,1,2668,"19,95","625,07","-14,93",0,0,0,0,314,0,50,0,0,0,0,0,0,0,0.0,0,0,2,,,,,0,,,,,,,2239,18,0,,,,,,,PROGRAM_SELECT_WAITING,,,,,,,,,True,True,
2023-11-22 13:26:49.900,00:01:40,0,0,0,0,0,0,0,0,0,0,1,1,0,0,0,0,0,1,1,1,2669,"19,90","625,07","-14,93",0,0,0,0,315,0,50,0,0,0,0,0,0,0,0.0,0,0,2,,,,,0,,,,,,,2246,18,0,,,,,,,PROGRAM_SELECT_WAITING,,,,,,,,,True,True,
2023-11-22 13:26:50.886,00:01:41,0,0,0,0,0,0,0,0,0,0,1,1,0,0,0,0,0,1,1,1,2668,"19,95","625,09","-14,98",0,0,0,0,315,0,50,0,0,0,0,0,0,0,0.0,0,0,2,,,,,0,,,,,,,2246,18,0,,,,,,,PROGRAM_SELECT_WAITING,,,,,,,,,True,True,
2023-11-22 13:26:51.898,00:01:42,0,0,0,0,0,0,0,0,0,0,1,1,0,0,0,0,0,1,1,1,2668,"19,95","624,97","-14,68",0,0,0,0,315,0,50,0,0,0,0,0,0,0,0.0,0,0,2,,,,,0,,,,,,,2246,18,0,,,,,,,PROGRAM_SELECT_WAITING,,,,,,,,,True,True,
2023-11-22 13:26:52.889,00:01:43,0,0,0,0,0,0,0,0,0,0,1,1,0,0,0,0,0,1,1,1,2668,"19,95","625,04","-14,85",0,0,0,0,315,0,50,0,0,0,0,0,0,0,0.0,0,0,2,,,,,0,,,,,,,2248,18,0,,,,,,,PROGRAM_SELECT_WAITING,,,,,,,,,True,True,
2023-11-22 13:26:53.890,00:01:44,0,0,0,0,0,0,0,0,0,0,1,1,0,0,0,0,0,1,1,1,2669,"19,90","625,02","-14,80",0,0,0,0,315,0,50,0,0,0,0,0,0,0,0.0,0,0,2,,,,,0,,,,,,,2244,18,0,,,,,,,PROGRAM_SELECT_WAITING,,,,,,,,,True,True,
2023-11-22 13:26:54.889,00:01:45,0,0,0,0,0,0,0,0,0,0,1,1,0,0,0,0,0,1,1,1,2668,"19,95","625,02","-14,80",0,0,0,0,315,0,50,0,0,0,0,0,0,0,0.0,0,0,2,,,,,0,,,,,,,2249,18,0,,,,,,,PROGRAM_SELECT_WAITING,,,,,,,,,True,True,
2023-11-22 13:26:55.897,00:01:46,0,0,0,0,0,0,0,0,0,0,1,1,0,0,0,0,0,1,1,1,2668,"19,95","624,97","-14,68",0,0,0,0,314,0,50,0,0,0,0,0,0,0,0.0,0,0,2,,,,,0,,,,,,,2243,18,0,,,,,,,PROGRAM_SELECT_WAITING,,,,,,,,,True,True,
2023-11-22 13:26:56.897,00:01:47,0,0,0,0,0,0,0,0,0,0,1,1,0,0,0,0,0,1,1,1,2668,"19,95","625,02","-14,80",0,0,0,0,313,0,50,0,0,0,0,0,0,0,0.0,0,0,2,,,,,0,,,,,,,2242,18,0,,,,,,,PROGRAM_SELECT_WAITING,,,,,,,,,True,True,
2023-11-22 13:26:57.895,00:01:48,0,0,0,0,0,0,0,0,0,0,1,1,0,0,0,0,0,1,1,1,2668,"19,95","625,04","-14,85",0,0,0,0,314,0,50,0,0,0,0,0,0,0,0.0,0,0,2,,,,,0,,,,,,,2234,18,0,,,,,,,PROGRAM_SELECT_WAITING,,,,,,,,,True,True,
2023-11-22 13:26:58.898,00:01:49,0,0,0,0,0,0,0,0,0,0,1,1,0,0,0,0,0,1,1,1,2668,"19,95","625,04","-14,85",0,0,0,0,315,0,50,0,0,0,0,0,0,0,0.0,0,0,2,,,,,0,,,,,,,2242,18,0,,,,,,,PROGRAM_SELECT_WAITING,,,,,,,,,True,True,
2023-11-22 13:26:59.893,00:01:50,0,0,0,0,0,0,0,0,0,0,1,1,0,0,0,0,0,1,1,1,2668,"19,95","625,12","-15,05",0,0,0,0,315,0,50,0,0,0,0,0,0,0,0.0,0,0,2,,,,,0,,,,,,,2244,18,0,,,,,,,PROGRAM_SELECT_WAITING,,,,,,,,,True,True,
2023-11-22 13:27:00.900,00:01:51,0,0,0,0,0,0,0,0,0,0,1,1,0,0,0,0,0,1,1,1,2668,"19,95","625,04","-14,85",0,0,0,0,315,0,50,0,0,0,0,0,0,0,0.0,0,0,2,,,,,0,,,,,,,2246,18,0,,,,,,,PROGRAM_SELECT_WAITING,,,,,,,,,True,True,
2023-11-22 13:27:01.895,00:01:52,0,0,0,0,0,0,0,0,0,0,1,1,0,0,0,0,0,1,1,1,2668,"19,95","625,02","-14,80",0,0,0,0,315,0,50,0,0,0,0,0,0,0,0.0,0,0,2,,,,,0,,,,,,,2247,18,0,,,,,,,PROGRAM_SELECT_WAITING,,,,,,,,,True,True,
2023-11-22 13:27:02.895,00:01:53,0,0,0,0,0,0,0,0,0,0,1,1,0,0,0,0,0,1,1,1,2668,"19,95","625,02","-14,80",0,0,0,0,315,0,50,0,0,0,0,0,0,0,0.0,0,0,2,,,,,0,,,,,,,2246,18,0,,,,,,,PROGRAM_SELECT_WAITING,,,,,,,,,True,True,
2023-11-22 13:27:03.902,00:01:54,0,0,0,0,0,0,0,0,0,0,1,1,0,0,0,0,0,1,1,1,2668,"19,95","625,00","-14,75",0,0,0,0,315,0,50,0,0,0,0,0,0,0,0.0,0,0,2,,,,,0,,,,,,,2248,18,0,,,,,,,PROGRAM_SELECT_WAITING,,,,,,,,,True,True,
2023-11-22 13:27:04.869,00:01:55,0,0,0,0,0,0,0,0,0,0,1,1,0,0,0,0,0,1,1,1,2668,"19,95","625,04","-14,85",0,0,0,0,315,0,50,0,0,0,0,0,0,0,0.0,0,0,2,,,,,0,,,,,,,2244,18,0,,,,,,,PROGRAM_SELECT_WAITING,,,,,,,,,True,True,
2023-11-22 13:27:05.874,00:01:56,0,0,0,0,0,0,0,0,0,0,1,1,0,0,0,0,0,1,1,1,2668,"19,95","625,19","-15,23",0,0,0,0,315,0,50,0,0,0,0,0,0,0,0.0,0,0,2,,,,,0,,,,,,,2248,18,0,,,,,,,PROGRAM_SELECT_WAITING,,,,,,,,,True,True,
2023-11-22 13:27:06.874,00:01:57,0,0,0,0,0,0,0,0,0,0,1,1,0,0,0,0,0,1,1,1,2668,"19,95","625,14","-15,10",0,0,0,0,314,0,50,0,0,0,0,0,0,0,0.0,0,0,2,,,,,0,,,,,,,2240,18,0,,,,,,,PROGRAM_SELECT_WAITING,,,,,,,,,True,True,
2023-11-22 13:27:07.872,00:01:58,0,0,0,0,0,0,0,0,0,0,1,1,0,0,0,0,0,1,1,1,2668,"19,95","625,12","-15,05",0,0,0,0,315,0,50,0,0,0,0,0,0,0,0.0,0,0,2,,,,,0,,,,,,,2244,18,0,,,,,,,PROGRAM_SELECT_WAITING,,,,,,,,,True,True,
2023-11-22 13:27:08.894,00:01:59,0,0,0,0,0,0,0,0,0,0,1,1,0,0,0,0,0,1,1,1,2668,"19,95","625,26","-15,40",0,0,0,0,315,0,50,0,0,0,0,0,0,0,0.0,0,0,2,,,,,0,,,,,,,2241,18,0,,,,,,,PROGRAM_SELECT_WAITING,,,,,,,,,True,True,
2023-11-22 13:27:09.896,00:02:00,0,0,0,0,0,0,0,0,0,0,1,1,0,0,0,0,0,1,1,1,2668,"19,95","625,04","-14,85",0,0,0,0,315,0,50,0,0,0,0,0,0,0,0.0,0,0,2,,,,,0,,,,,,,2248,18,0,,,,,,,PROGRAM_SELECT_WAITING,,,,,,,,,True,True,
2023-11-22 13:27:10.895,00:02:01,0,0,0,0,0,0,0,0,0,0,1,1,0,0,0,0,0,1,1,1,2668,"19,95","625,12","-15,05",0,0,0,0,315,0,50,0,0,0,0,0,0,0,0.0,0,0,2,,,,,0,,,,,,,2246,18,0,,,,,,,PROGRAM_SELECT_WAITING,,,,,,,,,True,True,
2023-11-22 13:27:11.875,00:02:02,0,0,0,0,0,0,0,0,0,0,1,1,0,0,0,0,0,1,1,1,2668,"19,95","625,17","-15,18",0,0,0,0,315,0,50,0,0,0,0,0,0,0,0.0,0,0,2,,,,,0,,,,,,,2249,18,0,,,,,,,PROGRAM_SELECT_WAITING,,,,,,,,,True,True,
2023-11-22 13:27:12.875,00:02:03,0,0,0,0,0,0,0,0,0,0,1,1,0,0,0,0,0,1,1,1,2668,"19,95","625,12","-15,05",0,0,0,0,316,0,50,0,0,0,0,0,0,0,0.0,0,0,2,,,,,0,,,,,,,2246,18,0,,,,,,,PROGRAM_SELECT_WAITING,,,,,,,,,True,True,
2023-11-22 13:27:13.881,00:02:04,0,0,0,0,0,0,0,0,0,0,1,1,0,0,0,0,0,1,1,1,2668,"19,95","625,12","-15,05",0,0,0,0,315,0,50,0,0,0,0,0,0,0,0.0,0,0,2,,,,,0,,,,,,,2243,18,0,,,,,,,PROGRAM_SELECT_WAITING,,,,,,,,,True,True,
2023-11-22 13:27:14.875,00:02:05,0,0,0,0,0,0,0,0,0,0,1,1,0,0,0,0,0,1,1,1,2668,"19,95","625,02","-14,80",0,0,0,0,314,0,50,0,0,0,0,0,0,0,0.0,0,0,2,,,,,0,,,,,,,2247,18,0,,,,,,,PROGRAM_SELECT_WAITING,,,,,,,,,True,True,
2023-11-22 13:27:15.895,00:02:06,0,0,0,0,0,0,0,0,0,0,1,1,0,0,0,0,0,1,1,1,2669,"19,90","625,12","-15,05",0,0,0,0,313,0,50,0,0,0,0,0,0,0,0.0,0,0,2,,,,,0,,,,,,,2242,18,0,,,,,,,PROGRAM_SELECT_WAITING,,,,,,,,,True,True,
2023-11-22 13:27:16.878,00:02:07,0,0,0,0,0,0,0,0,0,0,1,1,0,0,0,0,0,1,1,1,2668,"19,95","625,14","-15,10",0,0,0,0,314,0,50,0,0,0,0,0,0,0,0.0,0,0,2,,,,,0,,,,,,,2242,18,0,,,,,,,PROGRAM_SELECT_WAITING,,,,,,,,,True,True,
2023-11-22 13:27:17.877,00:02:08,0,0,0,0,0,0,0,0,0,0,1,1,0,0,0,0,0,1,1,1,2669,"19,90","625,07","-14,93",0,0,0,0,315,0,50,0,0,0,0,0,0,0,0.0,0,0,2,,,,,0,,,,,,,2237,18,0,,,,,,,PROGRAM_SELECT_WAITING,,,,,,,,,True,True,
2023-11-22 13:27:18.895,00:02:09,0,0,0,0,0,0,0,0,0,0,1,1,0,0,0,0,0,1,1,1,2668,"19,95","625,09","-14,98",0,0,0,0,315,0,50,0,0,0,0,0,0,0,0.0,0,0,2,,,,,0,,,,,,,2245,18,0,,,,,,,PROGRAM_SELECT_WAITING,,,,,,,,,True,True,
2023-11-22 13:27:19.891,00:02:10,0,0,0,0,0,0,0,0,0,0,1,1,0,0,0,0,0,1,1,1,2669,"19,90","625,17","-15,18",0,0,0,0,315,0,50,0,0,0,0,0,0,0,0.0,0,0,2,,,,,0,,,,,,,2244,18,0,,,,,,,PROGRAM_SELECT_WAITING,,,,,,,,,True,True,
2023-11-22 13:27:20.880,00:02:11,0,0,0,0,0,0,0,0,0,0,1,1,0,0,0,0,0,1,1,1,2669,"19,90","625,19","-15,23",0,0,0,0,315,0,50,0,0,0,0,0,0,0,0.0,0,0,2,,,,,0,,,,,,,2249,18,0,,,,,,,PROGRAM_SELECT_WAITING,,,,,,,,,True,True,
2023-11-22 13:27:21.879,00:02:12,0,0,0,0,0,0,0,0,0,0,1,1,0,0,0,0,0,1,1,1,2668,"19,95","625,19","-15,23",0,0,0,0,315,0,50,0,0,0,0,0,0,0,0.0,0,0,2,,,,,0,,,,,,,2248,18,0,,,,,,,PROGRAM_SELECT_WAITING,,,,,,,,,True,True,
2023-11-22 13:27:22.887,00:02:13,0,0,0,0,0,0,0,0,0,0,1,1,0,0,0,0,0,1,1,1,2669,"19,90","625,14","-15,10",0,0,0,0,315,0,50,0,0,0,0,0,0,0,0.0,0,0,2,,,,,0,,,,,,,2249,18,0,,,,,,,PROGRAM_SELECT_WAITING,,,,,,,,,True,True,
2023-11-22 13:27:23.886,00:02:14,0,0,0,0,0,0,0,0,0,0,1,1,0,0,0,0,0,1,1,1,2668,"19,95","625,12","-15,05",0,0,0,0,315,0,50,0,0,0,0,0,0,0,0.0,0,0,2,,,,,0,,,,,,,2250,18,0,,,,,,,PROGRAM_SELECT_WAITING,,,,,,,,,True,True,
2023-11-22 13:27:24.894,00:02:15,0,0,0,0,0,0,0,0,0,0,1,1,0,0,0,0,0,1,1,1,2669,"19,90","625,07","-14,93",0,0,0,0,315,0,50,0,0,0,0,0,0,0,0.0,0,0,2,,,,,0,,,,,,,2247,18,0,,,,,,,PROGRAM_SELECT_WAITING,,,,,,,,,True,True,
2023-11-22 13:27:25.885,00:02:16,0,0,0,0,0,0,0,0,0,0,1,1,0,0,0,0,0,1,1,1,2668,"19,95","625,07","-14,93",0,0,0,0,315,0,50,0,0,0,0,0,0,0,0.0,0,0,2,,,,,0,,,,,,,2249,18,0,,,,,,,PROGRAM_SELECT_WAITING,,,,,,,,,True,True,
2023-11-22 13:27:26.891,00:02:17,0,0,0,0,0,0,0,0,0,0,1,1,0,0,0,0,0,1,1,1,2669,"19,90","625,19","-15,23",0,0,0,0,314,0,50,0,0,0,0,0,0,0,0.0,0,0,2,,,,,0,,,,,,,2239,18,0,,,,,,,PROGRAM_SELECT_WAITING,,,,,,,,,True,True,
2023-11-22 13:27:27.891,00:02:18,0,0,0,0,0,0,0,0,0,0,1,1,0,0,0,0,0,1,1,1,2668,"19,95","625,17","-15,18",0,0,0,0,315,0,50,0,0,0,0,0,0,0,0.0,0,0,2,,,,,0,,,,,,,2242,18,0,,,,,,,PROGRAM_SELECT_WAITING,,,,,,,,,True,True,
2023-11-22 13:27:28.882,00:02:19,0,0,0,0,0,0,0,0,0,0,1,1,0,0,0,0,0,1,1,1,2668,"19,95","625,12","-15,05",0,0,0,0,315,0,50,0,0,0,0,0,0,0,0.0,0,0,2,,,,,0,,,,,,,2239,18,0,,,,,,,PROGRAM_SELECT_WAITING,,,,,,,,,True,True,
2023-11-22 13:27:29.884,00:02:20,0,0,0,0,0,0,0,0,0,0,1,1,0,0,0,0,0,1,1,1,2668,"19,95","625,12","-15,05",0,0,0,0,315,0,50,0,0,0,0,0,0,0,0.0,0,0,2,,,,,0,,,,,,,2246,18,0,,,,,,,PROGRAM_SELECT_WAITING,,,,,,,,,True,True,
2023-11-22 13:27:30.887,00:02:21,0,0,0,0,0,0,0,0,0,0,1,1,0,0,0,0,0,1,1,1,2668,"19,95","625,09","-14,98",0,0,0,0,315,0,50,0,0,0,0,0,0,0,0.0,0,0,2,,,,,0,,,,,,,2246,18,0,,,,,,,PROGRAM_SELECT_WAITING,,,,,,,,,True,True,
2023-11-22 13:27:31.891,00:02:22,0,0,0,0,0,0,0,0,0,0,1,1,0,0,0,0,0,1,1,1,2668,"19,95","625,21","-15,28",0,0,0,0,315,0,50,0,0,0,0,0,0,0,0.0,0,0,2,,,,,0,,,,,,,2249,18,0,,,,,,,PROGRAM_SELECT_WAITING,,,,,,,,,True,True,
2023-11-22 13:27:32.882,00:02:23,0,0,0,0,0,0,0,0,0,0,1,1,0,0,0,0,0,1,1,1,2668,"19,95","625,17","-15,18",0,0,0,0,316,0,50,0,0,0,0,0,0,0,0.0,0,0,2,,,,,0,,,,,,,2249,18,0,,,,,,,PROGRAM_SELECT_WAITING,,,,,,,,,True,True,
2023-11-22 13:27:33.879,00:02:24,0,0,0,0,0,0,0,0,0,0,1,1,0,0,0,0,0,1,1,1,2668,"19,95","625,14","-15,10",0,0,0,0,316,0,50,0,0,0,0,0,0,0,0.0,0,0,2,,,,,0,,,,,,,2249,18,0,,,,,,,PROGRAM_SELECT_WAITING,,,,,,,,,True,True,
2023-11-22 13:27:34.891,00:02:25,0,0,0,0,0,0,0,0,0,0,1,1,0,0,0,0,0,1,1,1,2668,"19,95","625,19","-15,23",0,0,0,0,316,0,50,0,0,0,0,0,0,0,0.0,0,0,2,,,,,0,,,,,,,2253,18,0,,,,,,,PROGRAM_SELECT_WAITING,,,,,,,,,True,True,
2023-11-22 13:27:35.879,00:02:26,0,0,0,0,0,0,0,0,0,0,1,1,0,0,0,0,0,1,1,1,2669,"19,90","625,24","-15,35",0,0,0,0,314,0,50,0,0,0,0,0,0,0,0.0,0,0,2,,,,,0,,,,,,,2248,18,0,,,,,,,PROGRAM_SELECT_WAITING,,,,,,,,,True,True,
2023-11-22 13:27:36.885,00:02:27,0,0,0,0,0,0,0,0,0,0,1,1,0,0,0,0,0,1,1,1,2668,"19,95","625,17","-15,18",0,0,0,0,314,0,50,0,0,0,0,0,0,0,0.0,0,0,2,,,,,0,,,,,,,2247,18,0,,,,,,,PROGRAM_SELECT_WAITING,,,,,,,,,True,True,
2023-11-22 13:27:37.876,00:02:28,0,0,0,0,0,0,0,0,0,0,1,1,0,0,0,0,0,1,1,1,2668,"19,95","625,04","-14,85",0,0,0,0,314,0,50,0,0,0,0,0,0,0,0.0,0,0,2,,,,,0,,,,,,,2238,18,0,,,,,,,PROGRAM_SELECT_WAITING,,,,,,,,,True,True,
2023-11-22 13:27:38.884,00:02:29,0,0,0,0,0,0,0,0,0,0,1,1,0,0,0,0,0,1,1,1,2668,"19,95","625,04","-14,85",0,0,0,0,315,0,50,0,0,0,0,0,0,0,0.0,0,0,2,,,,,0,,,,,,,2244,18,0,,,,,,,PROGRAM_SELECT_WAITING,,,,,,,,,True,True,
2023-11-22 13:27:39.887,00:02:30,0,0,0,0,0,0,0,0,0,0,1,1,0,0,0,0,0,1,1,1,2669,"19,90","625,12","-15,05",0,0,0,0,315,0,50,0,0,0,0,0,0,0,0.0,0,0,2,,,,,0,,,,,,,2243,18,0,,,,,,,PROGRAM_SELECT_WAITING,,,,,,,,,True,True,
2023-11-22 13:27:40.881,00:02:31,0,0,0,0,0,0,0,0,0,0,1,1,0,0,0,0,0,1,1,1,2668,"19,95","625,09","-14,98",0,0,0,0,315,0,50,0,0,0,0,0,0,0,0.0,0,0,2,,,,,0,,,,,,,2246,18,0,,,,,,,PROGRAM_SELECT_WAITING,,,,,,,,,True,True,
2023-11-22 13:27:41.881,00:02:32,0,0,0,0,0,0,0,0,0,0,1,1,0,0,0,0,0,1,1,1,2668,"19,95","625,09","-14,98",0,0,0,0,315,0,50,0,0,0,0,0,0,0,0.0,0,0,2,,,,,0,,,,,,,2244,18,0,,,,,,,PROGRAM_SELECT_WAITING,,,,,,,,,True,True,
2023-11-22 13:27:42.879,00:02:33,0,0,0,0,0,0,0,0,0,0,1,1,0,0,0,0,0,1,1,1,2668,"19,95","625,09","-14,98",0,0,0,0,315,0,50,0,0,0,0,0,0,0,0.0,0,0,2,,,,,0,,,,,,,2245,18,0,,,,,,,PROGRAM_SELECT_WAITING,,,,,,,,,True,True,
2023-11-22 13:27:43.878,00:02:34,0,0,0,0,0,0,0,0,0,0,1,1,0,0,0,0,0,1,1,1,2668,"19,95","625,04","-14,85",0,0,0,0,315,0,50,0,0,0,0,0,0,0,0.0,0,0,2,,,,,0,,,,,,,2247,18,0,,,,,,,PROGRAM_SELECT_WAITING,,,,,,,,,True,True,
2023-11-22 13:27:44.879,00:02:35,0,0,0,0,0,0,0,0,0,0,1,1,0,0,0,0,0,1,1,1,2669,"19,90","625,04","-14,85",0,0,0,0,315,0,50,0,0,0,0,0,0,0,0.0,0,0,2,,,,,0,,,,,,,2244,18,0,,,,,,,PROGRAM_SELECT_WAITING,,,,,,,,,True,True,
2023-11-22 13:27:45.866,00:02:36,0,0,0,0,0,0,0,0,0,0,1,1,0,0,0,0,0,1,1,1,2668,"19,95","625,09","-14,98",0,0,0,0,315,0,50,0,0,0,0,0,0,0,0.0,0,0,2,,,,,0,,,,,,,2248,18,0,,,,,,,PROGRAM_SELECT_WAITING,,,,,,,,,True,True,
2023-11-22 13:27:46.890,00:02:37,0,0,0,0,0,0,0,0,0,0,1,1,0,0,0,0,0,1,1,1,2669,"19,90","625,04","-14,85",0,0,0,0,314,0,50,0,0,0,0,0,0,0,0.0,0,0,2,,,,,0,,,,,,,2243,18,0,,,,,,,PROGRAM_SELECT_WAITING,,,,,,,,,True,True,
2023-11-22 13:27:47.868,00:02:38,0,0,0,0,0,0,0,0,0,0,1,1,0,0,0,0,0,1,1,1,2668,"19,95","625,07","-14,93",0,0,0,0,315,0,50,0,0,0,0,0,0,0,0.0,0,0,2,,,,,0,,,,,,,2245,18,0,,,,,,,PROGRAM_SELECT_WAITING,,,,,,,,,True,True,
2023-11-22 13:27:48.885,00:02:39,0,0,0,0,0,0,0,0,0,0,1,1,0,0,0,0,0,1,1,1,2669,"19,90","625,07","-14,93",0,0,0,0,315,0,50,0,0,0,0,0,0,0,0.0,0,0,2,,,,,0,,,,,,,2243,18,0,,,,,,,PROGRAM_SELECT_WAITING,,,,,,,,,True,True,
2023-11-22 13:27:49.882,00:02:40,0,0,0,0,0,0,0,0,0,0,1,1,0,0,0,0,0,1,1,1,2668,"19,95","625,17","-15,18",0,0,0,0,316,0,50,0,0,0,0,0,0,0,0.0,0,0,2,,,,,0,,,,,,,2252,18,0,,,,,,,PROGRAM_SELECT_WAITING,,,,,,,,,True,True,
2023-11-22 13:27:50.870,00:02:41,0,0,0,0,0,0,0,0,0,0,1,1,0,0,0,0,0,1,1,1,2669,"19,90","625,12","-15,05",0,0,0,0,316,0,50,0,0,0,0,0,0,0,0.0,0,0,2,,,,,0,,,,,,,2247,18,0,,,,,,,PROGRAM_SELECT_WAITING,,,,,,,,,True,True,
2023-11-22 13:27:51.879,00:02:42,0,0,0,0,0,0,0,0,0,0,1,1,0,0,0,0,0,1,1,1,2668,"19,95","625,14","-15,10",0,0,0,0,315,0,50,0,0,0,0,0,0,0,0.0,0,0,2,,,,,0,,,,,,,2250,18,0,,,,,,,PROGRAM_SELECT_WAITING,,,,,,,,,True,True,
2023-11-22 13:27:52.882,00:02:43,0,0,0,0,0,0,0,0,0,0,1,1,0,0,0,0,0,1,1,1,2669,"19,90","625,14","-15,10",0,0,0,0,315,0,50,0,0,0,0,0,0,0,0.0,0,0,2,,,,,0,,,,,,,2247,18,0,,,,,,,PROGRAM_SELECT_WAITING,,,,,,,,,True,True,
2023-11-22 13:27:53.875,00:02:44,0,0,0,0,0,0,0,0,0,0,1,1,0,0,0,0,0,1,1,1,2668,"19,95","625,04","-14,85",0,0,0,0,314,0,50,0,0,0,0,0,0,0,0.0,0,0,2,,,,,0,,,,,,,2248,18,0,,,,,,,PROGRAM_SELECT_WAITING,,,,,,,,,True,True,
2023-11-22 13:27:54.875,00:02:45,0,0,0,0,0,0,0,0,0,0,1,1,0,0,0,0,0,1,1,1,2668,"19,95","625,07","-14,93",0,0,0,0,313,0,50,0,0,0,0,0,0,0,0.0,0,0,2,,,,,0,,,,,,,2240,18,0,,,,,,,PROGRAM_SELECT_WAITING,,,,,,,,,True,True,
2023-11-22 13:27:55.877,00:02:46,0,0,0,0,0,0,0,0,0,0,1,1,0,0,0,0,0,1,1,1,2669,"19,90","625,24","-15,35",0,0,0,0,313,0,50,0,0,0,0,0,0,0,0.0,0,0,2,,,,,0,,,,,,,2236,18,0,,,,,,,PROGRAM_SELECT_WAITING,,,,,,,,,True,True,
2023-11-22 13:27:56.884,00:02:47,0,0,0,0,0,0,0,0,0,0,1,1,0,0,0,0,0,1,1,1,2668,"19,95","625,02","-14,80",0,0,0,0,313,0,50,0,0,0,0,0,0,0,0.0,0,0,2,,,,,0,,,,,,,2239,18,0,,,,,,,PROGRAM_SELECT_WAITING,,,,,,,,,True,True,
2023-11-22 13:27:57.876,00:02:48,0,0,0,0,0,0,0,0,0,0,1,1,0,0,0,0,0,1,1,1,2669,"19,90","625,04","-14,85",0,0,0,0,313,0,50,0,0,0,0,0,0,0,0.0,0,0,2,,,,,0,,,,,,,2234,18,0,,,,,,,PROGRAM_SELECT_WAITING,,,,,,,,,True,True,
2023-11-22 13:27:58.878,00:02:49,0,0,0,0,0,0,0,0,0,0,1,1,0,0,0,0,0,1,1,1,2668,"19,95","625,14","-15,10",0,0,0,0,313,0,50,0,0,0,0,0,0,0,0.0,0,0,2,,,,,0,,,,,,,2238,18,0,,,,,,,PROGRAM_SELECT_WAITING,,,,,,,,,True,True,
2023-11-22 13:27:59.873,00:02:50,0,0,0,0,0,0,0,0,0,0,1,1,0,0,0,0,0,1,1,1,2669,"19,90","625,02","-14,80",0,0,0,0,315,0,50,0,0,0,0,0,0,0,0.0,0,0,2,,,,,0,,,,,,,2242,18,0,,,,,,,PROGRAM_SELECT_WAITING,,,,,,,,,True,True,
2023-11-22 13:28:00.872,00:02:51,0,0,0,0,0,0,0,0,0,0,1,1,0,0,0,0,0,1,1,1,2668,"19,95","625,07","-14,93",0,0,0,0,314,0,50,0,0,0,0,0,0,0,0.0,0,0,2,,,,,0,,,,,,,2249,18,0,,,,,,,PROGRAM_SELECT_WAITING,,,,,,,,,True,True,
2023-11-22 13:28:01.874,00:02:52,0,0,0,0,0,0,0,0,0,0,1,1,0,0,0,0,0,1,1,1,2669,"19,90","624,97","-14,68",0,0,0,0,315,0,50,0,0,0,0,0,0,0,0.0,0,0,2,,,,,0,,,,,,,2245,18,0,,,,,,,PROGRAM_SELECT_WAITING,,,,,,,,,True,True,
2023-11-22 13:28:02.872,00:02:53,0,0,0,0,0,0,0,0,0,0,1,1,0,0,0,0,0,1,1,1,2668,"19,95","625,04","-14,85",0,0,0,0,315,0,50,0,0,0,0,0,0,0,0.0,0,0,2,,,,,0,,,,,,,2250,18,0,,,,,,,PROGRAM_SELECT_WAITING,,,,,,,,,True,True,
2023-11-22 13:28:03.886,00:02:54,0,0,0,0,0,0,0,0,0,0,1,1,0,0,0,0,0,1,1,1,2669,"19,90","624,97","-14,68",0,0,0,0,315,0,50,0,0,0,0,0,0,0,0.0,0,0,2,,,,,0,,,,,,,2244,18,0,,,,,,,PROGRAM_SELECT_WAITING,,,,,,,,,True,True,
2023-11-22 13:28:04.875,00:02:55,0,0,0,0,0,0,0,0,0,0,1,1,0,0,0,0,0,1,1,1,2668,"19,95","625,12","-15,05",0,0,0,0,315,0,50,0,0,0,0,0,0,0,0.0,0,0,2,,,,,0,,,,,,,2251,18,0,,,,,,,PROGRAM_SELECT_WAITING,,,,,,,,,True,True,
2023-11-22 13:28:05.869,00:02:56,0,0,0,0,0,0,0,0,0,0,1,1,0,0,0,0,0,1,1,1,2669,"19,90","625,07","-14,93",0,0,0,0,314,0,50,0,0,0,0,0,0,0,0.0,0,0,2,,,,,0,,,,,,,2245,18,0,,,,,,,PROGRAM_SELECT_WAITING,,,,,,,,,True,True,
2023-11-22 13:28:06.872,00:02:57,0,0,0,0,0,0,0,0,0,0,1,1,0,0,0,0,0,1,1,1,2668,"19,95","625,12","-15,05",0,0,0,0,313,0,50,0,0,0,0,0,0,0,0.0,0,0,2,,,,,0,,,,,,,2246,18,0,,,,,,,PROGRAM_SELECT_WAITING,,,,,,,,,True,True,
2023-11-22 13:28:07.867,00:02:58,0,0,0,0,0,0,0,0,0,0,1,1,0,0,0,0,0,1,1,1,2669,"19,90","625,12","-15,05",0,0,0,0,314,0,50,0,0,0,0,0,0,0,0.0,0,0,2,,,,,0,,,,,,,2239,18,0,,,,,,,PROGRAM_SELECT_WAITING,,,,,,,,,True,True,
2023-11-22 13:28:08.871,00:02:59,0,0,0,0,0,0,0,0,0,0,1,1,0,0,0,0,0,1,1,1,2668,"19,95","625,02","-14,80",0,0,0,0,314,0,50,0,0,0,0,0,0,0,0.0,0,0,2,,,,,0,,,,,,,2243,18,0,,,,,,,PROGRAM_SELECT_WAITING,,,,,,,,,True,True,
2023-11-22 13:28:09.873,00:03:00,0,0,0,0,0,0,0,0,0,0,1,1,0,0,0,0,0,1,1,1,2668,"19,95","625,17","-15,18",0,0,0,0,314,0,50,0,0,0,0,0,0,0,0.0,0,0,2,,,,,0,,,,,,,2242,18,0,,,,,,,PROGRAM_SELECT_WAITING,,,,,,,,,True,True,
2023-11-22 13:28:10.872,00:03:01,0,0,0,0,0,0,0,0,0,0,1,1,0,0,0,0,0,1,1,1,2668,"19,95","625,17","-15,18",0,0,0,0,315,0,50,0,0,0,0,0,0,0,0.0,0,0,2,,,,,0,,,,,,,2243,18,0,,,,,,,PROGRAM_SELECT_WAITING,,,,,,,,,True,True,
2023-11-22 13:28:11.873,00:03:02,0,0,0,0,0,0,0,0,0,0,1,1,0,0,0,0,0,1,1,1,2668,"19,95","625,14","-15,10",0,0,0,0,315,0,50,0,0,0,0,0,0,0,0.0,0,0,2,,,,,0,,,,,,,2248,18,0,,,,,,,PROGRAM_SELECT_WAITING,,,,,,,,,True,True,
2023-11-22 13:28:12.854,00:03:03,0,0,0,0,0,0,0,0,0,0,1,1,0,0,0,0,0,1,1,1,2669,"19,90","625,09","-14,98",0,0,0,0,314,0,50,0,0,0,0,0,0,0,0.0,0,0,2,,,,,0,,,,,,,2248,18,0,,,,,,,PROGRAM_SELECT_WAITING,,,,,,,,,True,True,
2023-11-22 13:28:13.869,00:03:04,0,0,0,0,0,0,0,0,0,0,1,1,0,0,0,0,0,1,1,1,2669,"19,90","625,09","-14,98",0,0,0,0,314,0,50,0,0,0,0,0,0,0,0.0,0,0,2,,,,,0,,,,,,,2248,18,0,,,,,,,PROGRAM_SELECT_WAITING,,,,,,,,,True,True,
2023-11-22 13:28:14.854,00:03:05,0,0,0,0,0,0,0,0,0,0,1,1,0,0,0,0,0,1,1,1,2669,"19,90","625,09","-14,98",0,0,0,0,314,0,50,0,0,0,0,0,0,0,0.0,0,0,2,,,,,0,,,,,,,2244,18,0,,,,,,,PROGRAM_SELECT_WAITING,,,,,,,,,True,True,
2023-11-22 13:28:15.870,00:03:06,0,0,0,0,0,0,0,0,0,0,1,1,0,0,0,0,0,1,1,1,2668,"19,95","625,07","-14,93",0,0,0,0,314,0,50,0,0,0,0,0,0,0,0.0,0,0,2,,,,,0,,,,,,,2245,18,0,,,,,,,PROGRAM_SELECT_WAITING,,,,,,,,,True,True,
2023-11-22 13:28:16.871,00:03:07,0,0,0,0,0,0,0,0,0,0,1,1,0,0,0,0,0,1,1,1,2669,"19,90","625,17","-15,18",0,0,0,0,313,0,50,0,0,0,0,0,0,0,0.0,0,0,2,,,,,0,,,,,,,2236,18,0,,,,,,,PROGRAM_SELECT_WAITING,,,,,,,,,True,True,
2023-11-22 13:28:17.876,00:03:08,0,0,0,0,0,0,0,0,0,0,1,1,0,0,0,0,0,1,1,1,2668,"19,95","625,17","-15,18",0,0,0,0,314,0,50,0,0,0,0,0,0,0,0.0,0,0,2,,,,,0,,,,,,,2239,18,0,,,,,,,PROGRAM_SELECT_WAITING,,,,,,,,,True,True,
2023-11-22 13:28:18.876,00:03:09,0,0,0,0,0,0,0,0,0,0,1,1,0,0,0,0,0,1,1,1,2669,"19,90","625,09","-14,98",0,0,0,0,314,0,50,0,0,0,0,0,0,0,0.0,0,0,2,,,,,0,,,,,,,2239,18,0,,,,,,,PROGRAM_SELECT_WAITING,,,,,,,,,True,True,
2023-11-22 13:28:19.873,00:03:10,0,0,0,0,0,0,0,0,0,0,1,1,0,0,0,0,0,1,1,1,2668,"19,95","625,09","-14,98",0,0,0,0,315,0,50,0,0,0,0,0,0,0,0.0,0,0,2,,,,,0,,,,,,,2246,18,0,,,,,,,PROGRAM_SELECT_WAITING,,,,,,,,,True,True,
2023-11-22 13:28:20.873,00:03:11,0,0,0,0,0,0,0,0,0,0,1,1,0,0,0,0,0,1,1,1,2669,"19,90","625,07","-14,93",0,0,0,0,315,0,50,0,0,0,0,0,0,0,0.0,0,0,2,,,,,0,,,,,,,2242,18,0,,,,,,,PROGRAM_SELECT_WAITING,,,,,,,,,True,True,
2023-11-22 13:28:21.866,00:03:12,0,0,0,0,0,0,0,0,0,0,1,1,0,0,0,0,0,1,1,1,2668,"19,95","625,09","-14,98",0,0,0,0,315,0,50,0,0,0,0,0,0,0,0.0,0,0,2,,,,,0,,,,,,,2248,18,0,,,,,,,PROGRAM_SELECT_WAITING,,,,,,,,,True,True,
2023-11-22 13:28:22.866,00:03:13,0,0,0,0,0,0,0,0,0,0,1,1,0,0,0,0,0,1,1,1,2669,"19,90","625,02","-14,80",0,0,0,0,315,0,50,0,0,0,0,0,0,0,0.0,0,0,2,,,,,0,,,,,,,2247,18,0,,,,,,,PROGRAM_SELECT_WAITING,,,,,,,,,True,True,
2023-11-22 13:28:23.869,00:03:14,0,0,0,0,0,0,0,0,0,0,1,1,0,0,0,0,0,1,1,1,2668,"19,95","625,04","-14,85",0,0,0,0,315,0,50,0,0,0,0,0,0,0,0.0,0,0,2,,,,,0,,,,,,,2253,18,0,,,,,,,PROGRAM_SELECT_WAITING,,,,,,,,,True,True,
2023-11-22 13:28:24.864,00:03:15,0,0,0,0,0,0,0,0,0,0,1,1,0,0,0,0,0,1,1,1,2669,"19,90","625,14","-15,10",0,0,0,0,315,0,50,0,0,0,0,0,0,0,0.0,0,0,2,,,,,0,,,,,,,2248,18,0,,,,,,,PROGRAM_SELECT_WAITING,,,,,,,,,True,True,
2023-11-22 13:28:25.868,00:03:16,0,0,0,0,0,0,0,0,0,0,1,1,0,0,0,0,0,1,1,1,2669,"19,90","625,12","-15,05",0,0,0,0,315,0,50,0,0,0,0,0,0,0,0.0,0,0,2,,,,,0,,,,,,,2249,18,0,,,,,,,PROGRAM_SELECT_WAITING,,,,,,,,,True,True,
2023-11-22 13:28:26.867,00:03:17,0,0,0,0,0,0,0,0,0,0,1,1,0,0,0,0,0,1,1,1,2669,"19,90","625,12","-15,05",0,0,0,0,314,0,50,0,0,0,0,0,0,0,0.0,0,0,2,,,,,0,,,,,,,2247,18,0,,,,,,,PROGRAM_SELECT_WAITING,,,,,,,,,True,True,
2023-11-22 13:28:27.860,00:03:18,0,0,0,0,0,0,0,0,0,0,1,1,0,0,0,0,0,1,1,1,2669,"19,90","625,21","-15,28",0,0,0,0,314,0,50,0,0,0,0,0,0,0,0.0,0,0,2,,,,,0,,,,,,,2242,18,0,,,,,,,PROGRAM_SELECT_WAITING,,,,,,,,,True,True,
2023-11-22 13:28:28.865,00:03:19,0,0,0,0,0,0,0,0,0,0,1,1,0,0,0,0,0,1,1,1,2669,"19,90","625,09","-14,98",0,0,0,0,314,0,50,0,0,0,0,0,0,0,0.0,0,0,2,,,,,0,,,,,,,2243,18,0,,,,,,,PROGRAM_SELECT_WAITING,,,,,,,,,True,True,
2023-11-22 13:28:29.873,00:03:20,0,0,0,0,0,0,0,0,0,0,1,1,0,0,0,0,0,1,1,1,2669,"19,90","625,07","-14,93",0,0,0,0,315,0,50,0,0,0,0,0,0,0,0.0,0,0,2,,,,,0,,,,,,,2240,18,0,,,,,,,PROGRAM_SELECT_WAITING,,,,,,,,,True,True,
2023-11-22 13:28:30.849,00:03:21,0,0,0,0,0,0,0,0,0,0,1,1,0,0,0,0,0,1,1,1,2669,"19,90","625,07","-14,93",0,0,0,0,315,0,50,0,0,0,0,0,0,0,0.0,0,0,2,,,,,0,,,,,,,2248,18,0,,,,,,,PROGRAM_SELECT_WAITING,,,,,,,,,True,True,
2023-11-22 13:28:31.861,00:03:22,0,0,0,0,0,0,0,0,0,0,1,1,0,0,0,0,0,1,1,1,2669,"19,90","625,04","-14,85",0,0,0,0,314,0,50,0,0,0,0,0,0,0,0.0,0,0,2,,,,,0,,,,,,,2243,18,0,,,,,,,PROGRAM_SELECT_WAITING,,,,,,,,,True,True,
2023-11-22 13:28:32.855,00:03:23,0,0,0,0,0,0,0,0,0,0,1,1,0,0,0,0,0,1,1,1,2669,"19,90","625,09","-14,98",0,0,0,0,314,0,50,0,0,0,0,0,0,0,0.0,0,0,2,,,,,0,,,,,,,2247,18,0,,,,,,,PROGRAM_SELECT_WAITING,,,,,,,,,True,True,
2023-11-22 13:28:33.867,00:03:24,0,0,0,0,0,0,0,0,0,0,1,1,0,0,0,0,0,1,1,1,2669,"19,90","625,02","-14,80",0,0,0,0,314,0,50,0,0,0,0,0,0,0,0.0,0,0,2,,,,,0,,,,,,,2240,18,0,,,,,,,PROGRAM_SELECT_WAITING,,,,,,,,,True,True,
2023-11-22 13:28:34.865,00:03:25,0,0,0,0,0,0,0,0,0,0,1,1,0,0,0,0,0,1,1,1,2668,"19,95","625,12","-15,05",0,0,0,0,314,0,50,0,0,0,0,0,0,0,0.0,0,0,2,,,,,0,,,,,,,2246,18,0,,,,,,,PROGRAM_SELECT_WAITING,,,,,,,,,True,True,
2023-11-22 13:28:35.864,00:03:26,0,0,0,0,0,0,0,0,0,0,1,1,0,0,0,0,0,1,1,1,2669,"19,90","625,00","-14,75",0,0,0,0,314,0,50,0,0,0,0,0,0,0,0.0,0,0,2,,,,,0,,,,,,,2241,18,0,,,,,,,PROGRAM_SELECT_WAITING,,,,,,,,,True,True,
2023-11-22 13:28:36.867,00:03:27,0,0,0,0,0,0,0,0,0,0,1,1,0,0,0,0,0,1,1,1,2669,"19,90","625,02","-14,80",0,0,0,0,314,0,50,0,0,0,0,0,0,0,0.0,0,0,2,,,,,0,,,,,,,2246,18,0,,,,,,,PROGRAM_SELECT_WAITING,,,,,,,,,True,True,
2023-11-22 13:28:37.859,00:03:28,0,0,0,0,0,0,0,0,0,0,1,1,0,0,0,0,0,1,1,1,2669,"19,90","624,85","-14,38",0,0,0,0,314,0,50,0,0,0,0,0,0,0,0.0,0,0,2,,,,,0,,,,,,,2237,18,0,,,,,,,PROGRAM_SELECT_WAITING,,,,,,,,,True,True,
2023-11-22 13:28:38.863,00:03:29,0,0,0,0,0,0,0,0,0,0,1,1,0,0,0,0,0,1,1,1,2669,"19,90","624,97","-14,68",0,0,0,0,315,0,50,0,0,0,0,0,0,0,0.0,0,0,2,,,,,0,,,,,,,2243,18,0,,,,,,,PROGRAM_SELECT_WAITING,,,,,,,,,True,True,
2023-11-22 13:28:39.860,00:03:30,0,0,0,0,0,0,0,0,0,0,1,1,0,0,0,0,0,1,1,1,2669,"19,90","625,02","-14,80",0,0,0,0,315,0,50,0,0,0,0,0,0,0,0.0,0,0,2,,,,,0,,,,,,,2243,18,0,,,,,,,PROGRAM_SELECT_WAITING,,,,,,,,,True,True,
2023-11-22 13:28:40.873,00:03:31,0,0,0,0,0,0,0,0,0,0,1,1,0,0,0,0,0,1,1,1,2669,"19,90","625,00","-14,75",0,0,0,0,314,0,50,0,0,0,0,0,0,0,0.0,0,0,2,,,,,0,,,,,,,2246,18,0,,,,,,,PROGRAM_SELECT_WAITING,,,,,,,,,True,True,
2023-11-22 13:28:41.861,00:03:32,0,0,0,0,0,0,0,0,0,0,1,1,0,0,0,0,0,1,1,1,2669,"19,90","625,04","-14,85",0,0,0,0,315,0,50,0,0,0,0,0,0,0,0.0,0,0,2,,,,,0,,,,,,,2245,18,0,,,,,,,PROGRAM_SELECT_WAITING,,,,,,,,,True,True,
2023-11-22 13:28:42.861,00:03:33,0,0,0,0,0,0,0,0,0,0,1,1,0,0,0,0,0,1,1,1,2669,"19,90","625,07","-14,93",0,0,0,0,315,0,50,0,0,0,0,0,0,0,0.0,0,0,2,,,,,0,,,,,,,2244,18,0,,,,,,,PROGRAM_SELECT_WAITING,,,,,,,,,True,True,
2023-11-22 13:28:43.867,00:03:34,0,0,0,0,0,0,0,0,0,0,1,1,0,0,0,0,0,1,1,1,2669,"19,90","625,07","-14,93",0,0,0,0,315,0,50,0,0,0,0,0,0,0,0.0,0,0,2,,,,,0,,,,,,,2247,18,0,,,,,,,PROGRAM_SELECT_WAITING,,,,,,,,,True,True,
2023-11-22 13:28:44.868,00:03:35,0,0,0,0,0,0,0,0,0,0,1,1,0,0,0,0,0,1,1,1,2669,"19,90","625,04","-14,85",0,0,0,0,315,0,50,0,0,0,0,0,0,0,0.0,0,0,2,,,,,0,,,,,,,2244,18,0,,,,,,,PROGRAM_SELECT_WAITING,,,,,,,,,True,True,
2023-11-22 13:28:45.854,00:03:36,0,0,0,0,0,0,0,0,0,0,1,1,0,0,0,0,0,1,1,1,2669,"19,90","625,09","-14,98",0,0,0,0,315,0,50,0,0,0,0,0,0,0,0.0,0,0,2,,,,,0,,,,,,,2247,18,0,,,,,,,PROGRAM_SELECT_WAITING,,,,,,,,,True,True,
2023-11-22 13:28:46.865,00:03:37,0,0,0,0,0,0,0,0,0,0,1,1,0,0,0,0,0,1,1,1,2669,"19,90","624,97","-14,68",0,0,0,0,314,0,50,0,0,0,0,0,0,0,0.0,0,0,2,,,,,0,,,,,,,2242,18,0,,,,,,,PROGRAM_SELECT_WAITING,,,,,,,,,True,True,
2023-11-22 13:28:47.865,00:03:38,0,0,0,0,0,0,0,0,0,0,1,1,0,0,0,0,0,1,1,1,2669,"19,90","624,95","-14,63",0,0,0,0,314,0,50,0,0,0,0,0,0,0,0.0,0,0,2,,,,,0,,,,,,,2243,18,0,,,,,,,PROGRAM_SELECT_WAITING,,,,,,,,,True,True,
2023-11-22 13:28:48.857,00:03:39,0,0,0,0,0,0,0,0,0,0,1,1,0,0,0,0,0,1,1,1,2669,"19,90","625,00","-14,75",0,0,0,0,314,0,50,0,0,0,0,0,0,0,0.0,0,0,2,,,,,0,,,,,,,2238,18,0,,,,,,,PROGRAM_SELECT_WAITING,,,,,,,,,True,True,
2023-11-22 13:28:49.856,00:03:40,0,0,0,0,0,0,0,0,0,0,1,1,0,0,0,0,0,1,1,1,2669,"19,90","625,07","-14,93",0,0,0,0,314,0,50,0,0,0,0,0,0,0,0.0,0,0,2,,,,,0,,,,,,,2243,18,0,,,,,,,PROGRAM_SELECT_WAITING,,,,,,,,,True,True,
2023-11-22 13:28:50.864,00:03:41,0,0,0,0,0,0,0,0,0,0,1,1,0,0,0,0,0,1,1,1,2669,"19,90","624,97","-14,68",0,0,0,0,315,0,50,0,0,0,0,0,0,0,0.0,0,0,2,,,,,0,,,,,,,2243,18,0,,,,,,,PROGRAM_SELECT_WAITING,,,,,,,,,True,True,
2023-11-22 13:28:51.855,00:03:42,0,0,0,0,0,0,0,0,0,0,1,1,0,0,0,0,0,1,1,1,2669,"19,90","624,97","-14,68",0,0,0,0,315,0,50,0,0,0,0,0,0,0,0.0,0,0,2,,,,,0,,,,,,,2245,18,0,,,,,,,PROGRAM_SELECT_WAITING,,,,,,,,,True,True,
2023-11-22 13:28:52.853,00:03:43,0,0,0,0,0,0,0,0,0,0,1,1,0,0,0,0,0,1,1,1,2669,"19,90","624,97","-14,68",0,0,0,0,315,0,50,0,0,0,0,0,0,0,0.0,0,0,2,,,,,0,,,,,,,2245,18,0,,,,,,,PROGRAM_SELECT_WAITING,,,,,,,,,True,True,
2023-11-22 13:28:53.859,00:03:44,0,0,0,0,0,0,0,0,0,0,1,1,0,0,0,0,0,1,1,1,2669,"19,90","625,07","-14,93",0,0,0,0,315,0,50,0,0,0,0,0,0,0,0.0,0,0,2,,,,,0,,,,,,,2245,18,0,,,,,,,PROGRAM_SELECT_WAITING,,,,,,,,,True,True,
2023-11-22 13:28:54.864,00:03:45,0,0,0,0,0,0,0,0,0,0,1,1,0,0,0,0,0,1,1,1,2669,"19,90","625,02","-14,80",0,0,0,0,315,0,50,0,0,0,0,0,0,0,0.0,0,0,2,,,,,0,,,,,,,2248,18,0,,,,,,,PROGRAM_SELECT_WAITING,,,,,,,,,True,True,
2023-11-22 13:28:55.863,00:03:46,0,0,0,0,0,0,0,0,0,0,1,1,0,0,0,0,0,1,1,1,2669,"19,90","625,04","-14,85",0,0,0,0,314,0,50,0,0,0,0,0,0,0,0.0,0,0,2,,,,,0,,,,,,,2244,18,0,,,,,,,PROGRAM_SELECT_WAITING,,,,,,,,,True,True,
2023-11-22 13:28:56.856,00:03:47,0,0,0,0,0,0,0,0,0,0,1,1,0,0,0,0,0,1,1,1,2669,"19,90","625,02","-14,80",0,0,0,0,314,0,50,0,0,0,0,0,0,0,0.0,0,0,2,,,,,0,,,,,,,2247,18,0,,,,,,,PROGRAM_SELECT_WAITING,,,,,,,,,True,True,
2023-11-22 13:28:57.858,00:03:48,0,0,0,0,0,0,0,0,0,0,1,1,0,0,0,0,0,1,1,1,2669,"19,90","625,07","-14,93",0,0,0,0,315,0,50,0,0,0,0,0,0,0,0.0,0,0,2,,,,,0,,,,,,,2240,18,0,,,,,,,PROGRAM_SELECT_WAITING,,,,,,,,,True,True,
2023-11-22 13:28:58.860,00:03:49,0,0,0,0,0,0,0,0,0,0,1,1,0,0,0,0,0,1,1,1,2669,"19,90","625,12","-15,05",0,0,0,0,315,0,50,0,0,0,0,0,0,0,0.0,0,0,2,,,,,0,,,,,,,2247,18,0,,,,,,,PROGRAM_SELECT_WAITING,,,,,,,,,True,True,
2023-11-22 13:28:59.851,00:03:50,0,0,0,0,0,0,0,0,0,0,1,1,0,0,0,0,0,1,1,1,2669,"19,90","625,12","-15,05",0,0,0,0,315,0,50,0,0,0,0,0,0,0,0.0,0,0,2,,,,,0,,,,,,,2243,18,0,,,,,,,PROGRAM_SELECT_WAITING,,,,,,,,,True,True,
2023-11-22 13:29:00.870,00:03:51,0,0,0,0,0,0,0,0,0,0,1,1,0,0,0,0,0,1,1,1,2669,"19,90","625,04","-14,85",0,0,0,0,315,0,50,0,0,0,0,0,0,0,0.0,0,0,2,,,,,0,,,,,,,2249,18,0,,,,,,,PROGRAM_SELECT_WAITING,,,,,,,,,True,True,
2023-11-22 13:29:01.859,00:03:52,0,0,0,0,0,0,0,0,0,0,1,1,0,0,0,0,0,1,1,1,2669,"19,90","625,04","-14,85",0,0,0,0,314,0,50,0,0,0,0,0,0,0,0.0,0,0,2,,,,,0,,,,,,,2244,18,0,,,,,,,PROGRAM_SELECT_WAITING,,,,,,,,,True,True,
2023-11-22 13:29:02.862,00:03:53,0,0,0,0,0,0,0,0,0,0,1,1,0,0,0,0,0,1,1,1,2669,"19,90","625,00","-14,75",0,0,0,0,315,0,50,0,0,0,0,0,0,0,0.0,0,0,2,,,,,0,,,,,,,2243,18,0,,,,,,,PROGRAM_SELECT_WAITING,,,,,,,,,True,True,
2023-11-22 13:29:03.840,00:03:54,0,0,0,0,0,0,0,0,0,0,1,1,0,0,0,0,0,1,1,1,2669,"19,90","625,00","-14,75",0,0,0,0,315,0,50,0,0,0,0,0,0,0,0.0,0,0,2,,,,,0,,,,,,,2244,18,0,,,,,,,PROGRAM_SELECT_WAITING,,,,,,,,,True,True,
2023-11-22 14:01:25.567,00:36:16,0,0,0,0,0,0,0,0,0,0,1,0,0,0,0,0,0,1,1,1,2661,"20,25","625,02","-14,80",0,0,0,0,316,0,50,0,"-567,98291","218,622116","0,001594","0,007439","0,053147",0,0.0,0,0,2,,,,,0,,,,,,,2244,22,0,,,,,,,SERVICE_MENU_MOTOR_CALIBRATION,,,,,,,,,True,True,
2023-11-22 14:01:26.457,00:36:17,0,0,0,0,0,0,0,0,0,0,1,1,0,0,0,0,0,1,1,1,2661,"20,25","624,95","-14,63",0,0,0,0,315,0,50,0,"-567,98291","218,622116","0,001594","0,007439","0,053147",0,0.0,0,0,2,,,,,0,,,,,,,2239,22,0,,,,,,,SERVICE_MENU_MOTOR_CALIBRATION,,,,,,,,,True,True,
2023-11-22 14:01:27.484,00:36:18,0,0,0,0,0,0,0,0,0,0,1,1,0,0,0,0,0,1,1,1,2661,"20,25","624,95","-14,63",0,0,0,0,316,0,50,0,"-567,98291","218,622116","0,001594","0,007439","0,053147",0,0.0,0,0,2,,,,,0,,,,,,,2245,22,0,,,,,,,SERVICE_MENU_MOTOR_CALIBRATION,,,,,,,,,True,True,
2023-11-22 14:01:28.453,00:36:19,0,0,0,0,0,0,0,0,0,0,1,1,1,1,0,0,0,1,0,1,2662,"20,21","625,00","-14,75",0,0,0,0,315,0,50,0,"-567,98291","218,622116","0,001594","0,007439","0,053147",0,0.0,0,0,2,,,,,0,,,,,,,2239,22,0,,,,,,,SERVICE_MENU_MOTOR_CALIBRATION,,,,,,,,,False,True,
2023-11-22 14:01:29.456,00:36:20,0,0,0,0,0,0,0,0,0,0,1,1,1,1,0,0,0,1,0,1,2662,"20,21","625,00","-14,75",0,0,0,0,316,0,50,0,"-567,98291","218,622116","0,001594","0,007439","0,053147",0,0.0,0,0,2,,,,,0,,,,,,,2242,22,0,,,,,,,SERVICE_MENU_MOTOR_CALIBRATION,,,,,,,,,False,True,
